{"name":"91810dd4-ee6e-4a00-93f6-b4dc42c8fc96","id":"/providers/Microsoft.Flow/flows/91810dd4-ee6e-4a00-93f6-b4dc42c8fc96","type":"Microsoft.Flow/flows","properties":{"apiId":"/providers/Microsoft.PowerApps/apis/shared_logicflows","displayName":"Convert Word document to PDF","definition":{"metadata":{"workflowEntityId":null,"flowclientsuspensionreason":"None","flowclientsuspensiontime":null,"creator":{"id":"2ecd8cd9-bea9-4d8f-b9e9-3542cef6899a","type":"User","tenantId":"e81d7651-39bb-48d6-bc2f-7a471cbf2ec6"},"provisioningMethod":"FromDefinition","failureAlertSubscription":true,"clientLastModifiedTime":"2020-10-26T15:09:25.5796403Z"},"$schema":"https://schema.management.azure.com/providers/Microsoft.Logic/schemas/2016-06-01/workflowdefinition.json#","contentVersion":"1.0.0.0","parameters":{"$connections":{"defaultValue":{},"type":"Object"},"$authentication":{"defaultValue":{},"type":"SecureObject"}},"triggers":{"When_a_file_is_created_or_modified_(properties_only)":{"recurrence":{"frequency":"Minute","interval":1},"splitOn":"@triggerOutputs()?['body/value']","type":"OpenApiConnection","inputs":{"host":{"apiId":"/providers/Microsoft.PowerApps/apis/shared_sharepointonline","connectionName":"shared_sharepointonline_1","operationId":"GetOnUpdatedFileItems"},"parameters":{"dataset":"https://massbow.sharepoint.com/sites/intranet","table":"ae8aeffd-710f-410a-90a6-1d4d46ee2cbe"},"authentication":"@parameters('$authentication')"}}},"actions":{"Condition":{"actions":{"Get_file_content":{"runAfter":{},"type":"OpenApiConnection","inputs":{"host":{"apiId":"/providers/Microsoft.PowerApps/apis/shared_sharepointonline","connectionName":"shared_sharepointonline_1","operationId":"GetFileContent"},"parameters":{"dataset":"https://massbow.sharepoint.com/sites/intranet","id":"@triggerOutputs()?['body/{Identifier}']","inferContentType":true},"authentication":"@parameters('$authentication')"}},"Create_file":{"runAfter":{"Get_file_content":["Succeeded"]},"type":"OpenApiConnection","inputs":{"host":{"apiId":"/providers/Microsoft.PowerApps/apis/shared_onedriveforbusiness","connectionName":"shared_onedriveforbusiness","operationId":"CreateFile"},"parameters":{"folderPath":"/","name":"@triggerOutputs()?['body/{FilenameWithExtension}']","body":"@outputs('Get_file_content')?['body']"},"authentication":"@parameters('$authentication')"},"runtimeConfiguration":{"contentTransfer":{"transferMode":"Chunked"}}},"Convert_file":{"runAfter":{"Create_file":["Succeeded"]},"type":"OpenApiConnection","inputs":{"host":{"apiId":"/providers/Microsoft.PowerApps/apis/shared_onedriveforbusiness","connectionName":"shared_onedriveforbusiness","operationId":"ConvertFile"},"parameters":{"id":"@outputs('Create_file')?['body/Id']","type":"PDF"},"authentication":"@parameters('$authentication')"}},"Create_file_(SharePoint)":{"runAfter":{"Convert_file":["Succeeded"]},"type":"OpenApiConnection","inputs":{"host":{"apiId":"/providers/Microsoft.PowerApps/apis/shared_sharepointonline","connectionName":"shared_sharepointonline_2","operationId":"CreateFile"},"parameters":{"dataset":"https://massbow.sharepoint.com/sites/intranet","folderPath":"/Approved Documents","name":"@triggerOutputs()?['body/{Name}']","body":"@outputs('Convert_file')?['body']"},"authentication":"@parameters('$authentication')"},"runtimeConfiguration":{"contentTransfer":{"transferMode":"Chunked"}}},"Delete_file":{"runAfter":{"Create_file_(SharePoint)":["Succeeded"]},"type":"OpenApiConnection","inputs":{"host":{"apiId":"/providers/Microsoft.PowerApps/apis/shared_onedriveforbusiness","connectionName":"shared_onedriveforbusiness","operationId":"DeleteFile"},"parameters":{"id":"@outputs('Create_file')?['body/Id']"},"authentication":"@parameters('$authentication')"}}},"runAfter":{},"else":{"actions":{"Terminate":{"runAfter":{},"type":"Terminate","inputs":{"runStatus":"Succeeded"}}}},"expression":{"equals":["@triggerOutputs()?['body/Status']","Approved"]},"type":"If"},"Terminate_2":{"runAfter":{"Condition":["Succeeded"]},"type":"Terminate","inputs":{"runStatus":"Succeeded"}}}},"connectionReferences":{"shared_sharepointonline_1":{"connectionName":"5284b4fc29f64e2591b92b7d62d7d6ab","source":"Embedded","id":"/providers/Microsoft.PowerApps/apis/shared_sharepointonline","tier":"NotSpecified"},"shared_onedriveforbusiness":{"connectionName":"37b2646d4f1f412ca7ece875e5fe942b","source":"Embedded","id":"/providers/Microsoft.PowerApps/apis/shared_onedriveforbusiness","tier":"NotSpecified"},"shared_sharepointonline_2":{"connectionName":"8c5caf3c6ce34a46ade4310efca3e898","source":"Embedded","id":"/providers/Microsoft.PowerApps/apis/shared_sharepointonline","tier":"NotSpecified"}},"flowFailureAlertSubscribed":false}}